meta_id,dia,mes,anio,fecha,fecha_id,estado,meta
88453,1,1,2026,2026-01-01 00:00:00+00:00,20260101,Baja California,1210000.0
88454,1,1,2026,2026-01-01 00:00:00+00:00,20260101,Baja California Sur,110000.0
88455,1,1,2026,2026-01-01 00:00:00+00:00,20260101,Sonora,310000.0
88456,1,1,2026,2026-01-01 00:00:00+00:00,20260101,Chihuahua,365720.0
88457,1,1,2026,2026-01-01 00:00:00+00:00,20260101,Sinaloa,140000.0
88458,1,1,2026,2026-01-01 00:00:00+00:00,20260101,Zacatecas,110000.0
88459,1,1,2026,2026-01-01 00:00:00+00:00,20260101,Durango,180000.0
88460,1,1,2026,2026-01-01 00:00:00+00:00,20260101,Coahuila,360000.0
88461,1,1,2026,2026-01-01 00:00:00+00:00,20260101,Tamaulipas,340000.0
88462,1,1,2026,2026-01-01 00:00:00+00:00,20260101,Nuevo León,560000.0
88463,1,1,2026,2026-01-01 00:00:00+00:00,20260101,San Luis Potosí,280000.0
88464,1,1,2026,2026-01-01 00:00:00+00:00,20260101,Guanajuato,550000.0
88465,1,1,2026,2026-01-01 00:00:00+00:00,20260101,Querétaro,630000.0
88466,1,1,2026,2026-01-01 00:00:00+00:00,20260101,Aguascalientes,310000.0
88467,1,1,2026,2026-01-01 00:00:00+00:00,20260101,Hidalgo,260000.0
88468,1,1,2026,2026-01-01 00:00:00+00:00,20260101,Ciudad De México,1290009.3839062501
88469,1,1,2026,2026-01-01 00:00:00+00:00,20260101,Estado De México,640000.0
88470,1,1,2026,2026-01-01 00:00:00+00:00,20260101,Morelos,140000.0
88471,1,1,2026,2026-01-01 00:00:00+00:00,20260101,Puebla,1210000.0
88472,1,1,2026,2026-01-01 00:00:00+00:00,20260101,Tlaxcala,280000.0
88473,1,1,2026,2026-01-01 00:00:00+00:00,20260101,Campeche,120000.0
88474,1,1,2026,2026-01-01 00:00:00+00:00,20260101,Quintana Roo,290000.0
88475,1,1,2026,2026-01-01 00:00:00+00:00,20260101,Yucatán,520000.0
88476,1,1,2026,2026-01-01 00:00:00+00:00,20260101,Tabasco,160000.0
88477,1,1,2026,2026-01-01 00:00:00+00:00,20260101,Veracruz,360000.0
88478,1,1,2026,2026-01-01 00:00:00+00:00,20260101,Chiapas,180000.0
88479,1,1,2026,2026-01-01 00:00:00+00:00,20260101,Guerrero,270000.0
88480,1,1,2026,2026-01-01 00:00:00+00:00,20260101,Oaxaca,260000.0
88481,1,1,2026,2026-01-01 00:00:00+00:00,20260101,Colima,110000.0
88482,1,1,2026,2026-01-01 00:00:00+00:00,20260101,Jalisco,1180000.0
88483,1,1,2026,2026-01-01 00:00:00+00:00,20260101,Michoacán,430000.0
88484,1,1,2026,2026-01-01 00:00:00+00:00,20260101,Nayarit,310000.0
88485,1,1,2025,2025-01-01 00:00:00+00:00,20250101,Baja California,1197139.0
88486,1,1,2025,2025-01-01 00:00:00+00:00,20250101,Sonora,272303.0
88487,1,1,2025,2025-01-01 00:00:00+00:00,20250101,Chihuahua,341150.0
88488,1,1,2025,2025-01-01 00:00:00+00:00,20250101,Sinaloa,215967.5
88489,1,1,2025,2025-01-01 00:00:00+00:00,20250101,Zacatecas,230703.0
88490,1,1,2025,2025-01-01 00:00:00+00:00,20250101,Durango,150220.0
88491,1,1,2025,2025-01-01 00:00:00+00:00,20250101,Coahuila,194992.0
88492,1,1,2025,2025-01-01 00:00:00+00:00,20250101,Tamaulipas,269850.0
88493,1,1,2025,2025-01-01 00:00:00+00:00,20250101,Nuevo León,758169.0
88494,1,1,2025,2025-01-01 00:00:00+00:00,20250101,San Luis Potosí,213607.0
88495,1,1,2025,2025-01-01 00:00:00+00:00,20250101,Guanajuato,482300.0
88496,1,1,2025,2025-01-01 00:00:00+00:00,20250101,Querétaro,686000.0
88497,1,1,2025,2025-01-01 00:00:00+00:00,20250101,Aguascalientes,152051.0
88498,1,1,2025,2025-01-01 00:00:00+00:00,20250101,Hidalgo,187903.0
88499,1,1,2025,2025-01-01 00:00:00+00:00,20250101,Ciudad De México,1200000.0
88500,1,1,2025,2025-01-01 00:00:00+00:00,20250101,Estado De México,760000.0
88501,1,1,2025,2025-01-01 00:00:00+00:00,20250101,Morelos,172030.0
88502,1,1,2025,2025-01-01 00:00:00+00:00,20250101,Puebla,960700.0
88503,1,1,2025,2025-01-01 00:00:00+00:00,20250101,Tlaxcala,180000.0
88504,1,1,2025,2025-01-01 00:00:00+00:00,20250101,Campeche,50000.0
88505,1,1,2025,2025-01-01 00:00:00+00:00,20250101,Quintana Roo,310000.0
88506,1,1,2025,2025-01-01 00:00:00+00:00,20250101,Yucatán,510000.0
88507,1,1,2025,2025-01-01 00:00:00+00:00,20250101,Tabasco,210000.0
88508,1,1,2025,2025-01-01 00:00:00+00:00,20250101,Veracruz,230000.0
88509,1,1,2025,2025-01-01 00:00:00+00:00,20250101,Chiapas,194400.0
88510,1,1,2025,2025-01-01 00:00:00+00:00,20250101,Guerrero,168963.0
88511,1,1,2025,2025-01-01 00:00:00+00:00,20250101,Oaxaca,255267.0
88512,1,1,2025,2025-01-01 00:00:00+00:00,20250101,Colima,170348.0
88513,1,1,2025,2025-01-01 00:00:00+00:00,20250101,Jalisco,888649.0
88514,1,1,2025,2025-01-01 00:00:00+00:00,20250101,Michoacán,473490.0
88515,1,1,2025,2025-01-01 00:00:00+00:00,20250101,Nayarit,280745.0
88516,1,2,2026,2026-02-01 00:00:00+00:00,20260201,Baja California,1246300.0
88517,1,2,2026,2026-02-01 00:00:00+00:00,20260201,Baja California Sur,115500.0
88518,1,2,2026,2026-02-01 00:00:00+00:00,20260201,Sonora,325500.0
88519,1,2,2026,2026-02-01 00:00:00+00:00,20260201,Chihuahua,376691.6
88520,1,2,2026,2026-02-01 00:00:00+00:00,20260201,Sinaloa,147000.0
88521,1,2,2026,2026-02-01 00:00:00+00:00,20260201,Zacatecas,115500.0
88522,1,2,2026,2026-02-01 00:00:00+00:00,20260201,Durango,189000.0
88523,1,2,2026,2026-02-01 00:00:00+00:00,20260201,Coahuila,378000.0
88524,1,2,2026,2026-02-01 00:00:00+00:00,20260201,Tamaulipas,357000.0
88525,1,2,2026,2026-02-01 00:00:00+00:00,20260201,Nuevo León,588000.0
88526,1,2,2026,2026-02-01 00:00:00+00:00,20260201,San Luis Potosí,294000.0
88527,1,2,2026,2026-02-01 00:00:00+00:00,20260201,Guanajuato,577500.0
88528,1,2,2026,2026-02-01 00:00:00+00:00,20260201,Querétaro,661500.0
88529,1,2,2026,2026-02-01 00:00:00+00:00,20260201,Aguascalientes,325500.0
88530,1,2,2026,2026-02-01 00:00:00+00:00,20260201,Hidalgo,286000.0
88531,1,2,2026,2026-02-01 00:00:00+00:00,20260201,Ciudad De México,1290009.3839062501
88532,1,2,2026,2026-02-01 00:00:00+00:00,20260201,Estado De México,672000.0
88533,1,2,2026,2026-02-01 00:00:00+00:00,20260201,Morelos,147000.0
88534,1,2,2026,2026-02-01 00:00:00+00:00,20260201,Puebla,1270500.0
88535,1,2,2026,2026-02-01 00:00:00+00:00,20260201,Tlaxcala,294000.0
88536,1,2,2026,2026-02-01 00:00:00+00:00,20260201,Campeche,126000.0
88537,1,2,2026,2026-02-01 00:00:00+00:00,20260201,Quintana Roo,304500.0
88538,1,2,2026,2026-02-01 00:00:00+00:00,20260201,Yucatán,546000.0
88539,1,2,2026,2026-02-01 00:00:00+00:00,20260201,Tabasco,168000.0
88540,1,2,2026,2026-02-01 00:00:00+00:00,20260201,Veracruz,378000.0
88541,1,2,2026,2026-02-01 00:00:00+00:00,20260201,Chiapas,189000.0
88542,1,2,2026,2026-02-01 00:00:00+00:00,20260201,Guerrero,283500.0
88543,1,2,2026,2026-02-01 00:00:00+00:00,20260201,Oaxaca,273000.0
88544,1,2,2026,2026-02-01 00:00:00+00:00,20260201,Colima,115500.0
88545,1,2,2026,2026-02-01 00:00:00+00:00,20260201,Jalisco,1239000.0
88546,1,2,2026,2026-02-01 00:00:00+00:00,20260201,Michoacán,451500.0
88547,1,2,2026,2026-02-01 00:00:00+00:00,20260201,Nayarit,325500.0
88548,1,2,2025,2025-02-01 00:00:00+00:00,20250201,Baja California,1256995.95
88549,1,2,2025,2025-02-01 00:00:00+00:00,20250201,Sonora,285918.05
88550,1,2,2025,2025-02-01 00:00:00+00:00,20250201,Chihuahua,358207.5
88551,1,2,2025,2025-02-01 00:00:00+00:00,20250201,Sinaloa,226765.88
88552,1,2,2025,2025-02-01 00:00:00+00:00,20250201,Zacatecas,242238.15
88553,1,2,2025,2025-02-01 00:00:00+00:00,20250201,Durango,157731.0
88554,1,2,2025,2025-02-01 00:00:00+00:00,20250201,Coahuila,204741.6
88555,1,2,2025,2025-02-01 00:00:00+00:00,20250201,Tamaulipas,283342.5
88556,1,2,2025,2025-02-01 00:00:00+00:00,20250201,Nuevo León,796077.45
88557,1,2,2025,2025-02-01 00:00:00+00:00,20250201,San Luis Potosí,224287.35
88558,1,2,2025,2025-02-01 00:00:00+00:00,20250201,Guanajuato,506415.0
88559,1,2,2025,2025-02-01 00:00:00+00:00,20250201,Querétaro,720300.0
88560,1,2,2025,2025-02-01 00:00:00+00:00,20250201,Aguascalientes,159653.55
88561,1,2,2025,2025-02-01 00:00:00+00:00,20250201,Hidalgo,206693.3
88562,1,2,2025,2025-02-01 00:00:00+00:00,20250201,Ciudad De México,1260000.0
88563,1,2,2025,2025-02-01 00:00:00+00:00,20250201,Estado De México,798000.0
88564,1,2,2025,2025-02-01 00:00:00+00:00,20250201,Morelos,189233.0
88565,1,2,2025,2025-02-01 00:00:00+00:00,20250201,Puebla,1008735.0
88566,1,2,2025,2025-02-01 00:00:00+00:00,20250201,Tlaxcala,189000.0
88567,1,2,2025,2025-02-01 00:00:00+00:00,20250201,Campeche,57500.0
88568,1,2,2025,2025-02-01 00:00:00+00:00,20250201,Quintana Roo,325500.0
88569,1,2,2025,2025-02-01 00:00:00+00:00,20250201,Yucatán,535500.0
88570,1,2,2025,2025-02-01 00:00:00+00:00,20250201,Tabasco,231000.0
88571,1,2,2025,2025-02-01 00:00:00+00:00,20250201,Veracruz,241500.0
88572,1,2,2025,2025-02-01 00:00:00+00:00,20250201,Chiapas,204120.0
88573,1,2,2025,2025-02-01 00:00:00+00:00,20250201,Guerrero,177411.15
88574,1,2,2025,2025-02-01 00:00:00+00:00,20250201,Oaxaca,268030.35
88575,1,2,2025,2025-02-01 00:00:00+00:00,20250201,Colima,178865.4
88576,1,2,2025,2025-02-01 00:00:00+00:00,20250201,Jalisco,933081.45
88577,1,2,2025,2025-02-01 00:00:00+00:00,20250201,Michoacán,497164.5
88578,1,2,2025,2025-02-01 00:00:00+00:00,20250201,Nayarit,294782.25
88579,1,3,2026,2026-03-01 00:00:00+00:00,20260301,Baja California,1283689.0
88580,1,3,2026,2026-03-01 00:00:00+00:00,20260301,Baja California Sur,121275.0
88581,1,3,2026,2026-03-01 00:00:00+00:00,20260301,Sonora,341775.0
88582,1,3,2026,2026-03-01 00:00:00+00:00,20260301,Chihuahua,387992.348
88583,1,3,2026,2026-03-01 00:00:00+00:00,20260301,Sinaloa,154350.0
88584,1,3,2026,2026-03-01 00:00:00+00:00,20260301,Zacatecas,121275.0
88585,1,3,2026,2026-03-01 00:00:00+00:00,20260301,Durango,198450.0
88586,1,3,2026,2026-03-01 00:00:00+00:00,20260301,Coahuila,396900.0
88587,1,3,2026,2026-03-01 00:00:00+00:00,20260301,Tamaulipas,374850.0
88588,1,3,2026,2026-03-01 00:00:00+00:00,20260301,Nuevo León,617400.0
88589,1,3,2026,2026-03-01 00:00:00+00:00,20260301,San Luis Potosí,308700.0
88590,1,3,2026,2026-03-01 00:00:00+00:00,20260301,Guanajuato,606375.0
88591,1,3,2026,2026-03-01 00:00:00+00:00,20260301,Querétaro,694575.0
88592,1,3,2026,2026-03-01 00:00:00+00:00,20260301,Aguascalientes,341775.0
88593,1,3,2026,2026-03-01 00:00:00+00:00,20260301,Hidalgo,314600.0
88594,1,3,2026,2026-03-01 00:00:00+00:00,20260301,Ciudad De México,1290009.3839062501
88595,1,3,2026,2026-03-01 00:00:00+00:00,20260301,Estado De México,705600.0
88596,1,3,2026,2026-03-01 00:00:00+00:00,20260301,Morelos,154350.0
88597,1,3,2026,2026-03-01 00:00:00+00:00,20260301,Puebla,1290009.3839062501
88598,1,3,2026,2026-03-01 00:00:00+00:00,20260301,Tlaxcala,308700.0
88599,1,3,2026,2026-03-01 00:00:00+00:00,20260301,Campeche,132300.0
88600,1,3,2026,2026-03-01 00:00:00+00:00,20260301,Quintana Roo,319725.0
88601,1,3,2026,2026-03-01 00:00:00+00:00,20260301,Yucatán,573300.0
88602,1,3,2026,2026-03-01 00:00:00+00:00,20260301,Tabasco,184800.0
88603,1,3,2026,2026-03-01 00:00:00+00:00,20260301,Veracruz,396900.0
88604,1,3,2026,2026-03-01 00:00:00+00:00,20260301,Chiapas,198450.0
88605,1,3,2026,2026-03-01 00:00:00+00:00,20260301,Guerrero,297675.0
88606,1,3,2026,2026-03-01 00:00:00+00:00,20260301,Oaxaca,286650.0
88607,1,3,2026,2026-03-01 00:00:00+00:00,20260301,Colima,121275.0
88608,1,3,2026,2026-03-01 00:00:00+00:00,20260301,Jalisco,1290009.3839062501
88609,1,3,2026,2026-03-01 00:00:00+00:00,20260301,Michoacán,474075.0
88610,1,3,2026,2026-03-01 00:00:00+00:00,20260301,Nayarit,341775.0
88611,1,3,2025,2025-03-01 00:00:00+00:00,20250301,Baja California,1290009.3839062501
88612,1,3,2025,2025-03-01 00:00:00+00:00,20250301,Sonora,300214.06
88613,1,3,2025,2025-03-01 00:00:00+00:00,20250301,Chihuahua,376117.88
88614,1,3,2025,2025-03-01 00:00:00+00:00,20250301,Sinaloa,238104.17
88615,1,3,2025,2025-03-01 00:00:00+00:00,20250301,Zacatecas,254350.06
88616,1,3,2025,2025-03-01 00:00:00+00:00,20250301,Durango,165617.55
88617,1,3,2025,2025-03-01 00:00:00+00:00,20250301,Coahuila,214978.68
88618,1,3,2025,2025-03-01 00:00:00+00:00,20250301,Tamaulipas,297509.33
88619,1,3,2025,2025-03-01 00:00:00+00:00,20250301,Nuevo León,835881.32
88620,1,3,2025,2025-03-01 00:00:00+00:00,20250301,San Luis Potosí,235501.72
88621,1,3,2025,2025-03-01 00:00:00+00:00,20250301,Guanajuato,531735.75
88622,1,3,2025,2025-03-01 00:00:00+00:00,20250301,Querétaro,756315.0
88623,1,3,2025,2025-03-01 00:00:00+00:00,20250301,Aguascalientes,167636.23
88624,1,3,2025,2025-03-01 00:00:00+00:00,20250301,Hidalgo,227362.63
88625,1,3,2025,2025-03-01 00:00:00+00:00,20250301,Ciudad De México,1290009.3839062501
88626,1,3,2025,2025-03-01 00:00:00+00:00,20250301,Estado De México,837900.0
88627,1,3,2025,2025-03-01 00:00:00+00:00,20250301,Morelos,208156.3
88628,1,3,2025,2025-03-01 00:00:00+00:00,20250301,Puebla,1059171.75
88629,1,3,2025,2025-03-01 00:00:00+00:00,20250301,Tlaxcala,198450.0
88630,1,3,2025,2025-03-01 00:00:00+00:00,20250301,Campeche,66125.0
88631,1,3,2025,2025-03-01 00:00:00+00:00,20250301,Quintana Roo,341775.0
88632,1,3,2025,2025-03-01 00:00:00+00:00,20250301,Yucatán,562275.0
88633,1,3,2025,2025-03-01 00:00:00+00:00,20250301,Tabasco,254100.0
88634,1,3,2025,2025-03-01 00:00:00+00:00,20250301,Veracruz,253575.0
88635,1,3,2025,2025-03-01 00:00:00+00:00,20250301,Chiapas,214326.0
88636,1,3,2025,2025-03-01 00:00:00+00:00,20250301,Guerrero,186281.71
88637,1,3,2025,2025-03-01 00:00:00+00:00,20250301,Oaxaca,281431.87
88638,1,3,2025,2025-03-01 00:00:00+00:00,20250301,Colima,187808.67
88639,1,3,2025,2025-03-01 00:00:00+00:00,20250301,Jalisco,979735.52
88640,1,3,2025,2025-03-01 00:00:00+00:00,20250301,Michoacán,522022.73
88641,1,3,2025,2025-03-01 00:00:00+00:00,20250301,Nayarit,309521.36
88642,1,4,2026,2026-04-01 00:00:00+00:00,20260401,Baja California,1290009.3839062501
88643,1,4,2026,2026-04-01 00:00:00+00:00,20260401,Baja California Sur,127338.75
88644,1,4,2026,2026-04-01 00:00:00+00:00,20260401,Sonora,358863.75
88645,1,4,2026,2026-04-01 00:00:00+00:00,20260401,Chihuahua,399632.11844
88646,1,4,2026,2026-04-01 00:00:00+00:00,20260401,Sinaloa,162067.5
88647,1,4,2026,2026-04-01 00:00:00+00:00,20260401,Zacatecas,127338.75
88648,1,4,2026,2026-04-01 00:00:00+00:00,20260401,Durango,208372.5
88649,1,4,2026,2026-04-01 00:00:00+00:00,20260401,Coahuila,416745.0
88650,1,4,2026,2026-04-01 00:00:00+00:00,20260401,Tamaulipas,393592.5
88651,1,4,2026,2026-04-01 00:00:00+00:00,20260401,Nuevo León,648270.0
88652,1,4,2026,2026-04-01 00:00:00+00:00,20260401,San Luis Potosí,324135.0
88653,1,4,2026,2026-04-01 00:00:00+00:00,20260401,Guanajuato,636693.75
88654,1,4,2026,2026-04-01 00:00:00+00:00,20260401,Querétaro,729303.75
88655,1,4,2026,2026-04-01 00:00:00+00:00,20260401,Aguascalientes,358863.75
88656,1,4,2026,2026-04-01 00:00:00+00:00,20260401,Hidalgo,346060.0
88657,1,4,2026,2026-04-01 00:00:00+00:00,20260401,Ciudad De México,1290009.3839062501
88658,1,4,2026,2026-04-01 00:00:00+00:00,20260401,Estado De México,740880.0
88659,1,4,2026,2026-04-01 00:00:00+00:00,20260401,Morelos,162067.5
88660,1,4,2026,2026-04-01 00:00:00+00:00,20260401,Puebla,1290009.3839062501
88661,1,4,2026,2026-04-01 00:00:00+00:00,20260401,Tlaxcala,324135.0
88662,1,4,2026,2026-04-01 00:00:00+00:00,20260401,Campeche,138915.0
88663,1,4,2026,2026-04-01 00:00:00+00:00,20260401,Quintana Roo,335711.25
88664,1,4,2026,2026-04-01 00:00:00+00:00,20260401,Yucatán,601965.0
88665,1,4,2026,2026-04-01 00:00:00+00:00,20260401,Tabasco,203280.0
88666,1,4,2026,2026-04-01 00:00:00+00:00,20260401,Veracruz,416745.0
88667,1,4,2026,2026-04-01 00:00:00+00:00,20260401,Chiapas,208372.5
88668,1,4,2026,2026-04-01 00:00:00+00:00,20260401,Guerrero,312558.75
88669,1,4,2026,2026-04-01 00:00:00+00:00,20260401,Oaxaca,300982.5
88670,1,4,2026,2026-04-01 00:00:00+00:00,20260401,Colima,127338.75
88671,1,4,2026,2026-04-01 00:00:00+00:00,20260401,Jalisco,1290009.3839062501
88672,1,4,2026,2026-04-01 00:00:00+00:00,20260401,Michoacán,497778.75
88673,1,4,2026,2026-04-01 00:00:00+00:00,20260401,Nayarit,358863.75
88674,1,4,2025,2025-04-01 00:00:00+00:00,20250401,Baja California,1290009.3839062501
88675,1,4,2025,2025-04-01 00:00:00+00:00,20250401,Sonora,315224.76
88676,1,4,2025,2025-04-01 00:00:00+00:00,20250401,Chihuahua,394923.77
88677,1,4,2025,2025-04-01 00:00:00+00:00,20250401,Sinaloa,250009.38
88678,1,4,2025,2025-04-01 00:00:00+00:00,20250401,Zacatecas,267067.56
88679,1,4,2025,2025-04-01 00:00:00+00:00,20250401,Durango,173898.43
88680,1,4,2025,2025-04-01 00:00:00+00:00,20250401,Coahuila,225727.61
88681,1,4,2025,2025-04-01 00:00:00+00:00,20250401,Tamaulipas,312385.11
88682,1,4,2025,2025-04-01 00:00:00+00:00,20250401,Nuevo León,877675.39
88683,1,4,2025,2025-04-01 00:00:00+00:00,20250401,San Luis Potosí,247276.8
88684,1,4,2025,2025-04-01 00:00:00+00:00,20250401,Guanajuato,558322.54
88685,1,4,2025,2025-04-01 00:00:00+00:00,20250401,Querétaro,794130.75
88686,1,4,2025,2025-04-01 00:00:00+00:00,20250401,Aguascalientes,176018.04
88687,1,4,2025,2025-04-01 00:00:00+00:00,20250401,Hidalgo,250098.89
88688,1,4,2025,2025-04-01 00:00:00+00:00,20250401,Ciudad De México,1290009.3839062501
88689,1,4,2025,2025-04-01 00:00:00+00:00,20250401,Estado De México,879795.0
88690,1,4,2025,2025-04-01 00:00:00+00:00,20250401,Morelos,228971.93
88691,1,4,2025,2025-04-01 00:00:00+00:00,20250401,Puebla,1112130.34
88692,1,4,2025,2025-04-01 00:00:00+00:00,20250401,Tlaxcala,208372.5
88693,1,4,2025,2025-04-01 00:00:00+00:00,20250401,Campeche,76043.75
88694,1,4,2025,2025-04-01 00:00:00+00:00,20250401,Quintana Roo,358863.75
88695,1,4,2025,2025-04-01 00:00:00+00:00,20250401,Yucatán,590388.75
88696,1,4,2025,2025-04-01 00:00:00+00:00,20250401,Tabasco,279510.0
88697,1,4,2025,2025-04-01 00:00:00+00:00,20250401,Veracruz,266253.75
88698,1,4,2025,2025-04-01 00:00:00+00:00,20250401,Chiapas,225042.3
88699,1,4,2025,2025-04-01 00:00:00+00:00,20250401,Guerrero,195595.79
88700,1,4,2025,2025-04-01 00:00:00+00:00,20250401,Oaxaca,295503.46
88701,1,4,2025,2025-04-01 00:00:00+00:00,20250401,Colima,197199.1
88702,1,4,2025,2025-04-01 00:00:00+00:00,20250401,Jalisco,1028722.3
88703,1,4,2025,2025-04-01 00:00:00+00:00,20250401,Michoacán,548123.86
88704,1,4,2025,2025-04-01 00:00:00+00:00,20250401,Nayarit,324997.43
88705,1,5,2026,2026-05-01 00:00:00+00:00,20260501,Baja California,1290009.3839062501
88706,1,5,2026,2026-05-01 00:00:00+00:00,20260501,Baja California Sur,133705.6875
88707,1,5,2026,2026-05-01 00:00:00+00:00,20260501,Sonora,376806.9375
88708,1,5,2026,2026-05-01 00:00:00+00:00,20260501,Chihuahua,411621.0819932
88709,1,5,2026,2026-05-01 00:00:00+00:00,20260501,Sinaloa,170170.875
88710,1,5,2026,2026-05-01 00:00:00+00:00,20260501,Zacatecas,133705.6875
88711,1,5,2026,2026-05-01 00:00:00+00:00,20260501,Durango,218791.125
88712,1,5,2026,2026-05-01 00:00:00+00:00,20260501,Coahuila,437582.25
88713,1,5,2026,2026-05-01 00:00:00+00:00,20260501,Tamaulipas,413272.125
88714,1,5,2026,2026-05-01 00:00:00+00:00,20260501,Nuevo León,680683.5
88715,1,5,2026,2026-05-01 00:00:00+00:00,20260501,San Luis Potosí,340341.75
88716,1,5,2026,2026-05-01 00:00:00+00:00,20260501,Guanajuato,668528.4375
88717,1,5,2026,2026-05-01 00:00:00+00:00,20260501,Querétaro,765768.9375
88718,1,5,2026,2026-05-01 00:00:00+00:00,20260501,Aguascalientes,376806.9375
88719,1,5,2026,2026-05-01 00:00:00+00:00,20260501,Hidalgo,380666.0
88720,1,5,2026,2026-05-01 00:00:00+00:00,20260501,Ciudad De México,1290009.3839062501
88721,1,5,2026,2026-05-01 00:00:00+00:00,20260501,Estado De México,777924.0
88722,1,5,2026,2026-05-01 00:00:00+00:00,20260501,Morelos,170170.875
88723,1,5,2026,2026-05-01 00:00:00+00:00,20260501,Puebla,1290009.3839062501
88724,1,5,2026,2026-05-01 00:00:00+00:00,20260501,Tlaxcala,340341.75
88725,1,5,2026,2026-05-01 00:00:00+00:00,20260501,Campeche,145860.75
88726,1,5,2026,2026-05-01 00:00:00+00:00,20260501,Quintana Roo,352496.8125
88727,1,5,2026,2026-05-01 00:00:00+00:00,20260501,Yucatán,632063.25
88728,1,5,2026,2026-05-01 00:00:00+00:00,20260501,Tabasco,223608.0
88729,1,5,2026,2026-05-01 00:00:00+00:00,20260501,Veracruz,437582.25
88730,1,5,2026,2026-05-01 00:00:00+00:00,20260501,Chiapas,218791.125
88731,1,5,2026,2026-05-01 00:00:00+00:00,20260501,Guerrero,328186.6875
88732,1,5,2026,2026-05-01 00:00:00+00:00,20260501,Oaxaca,316031.625
88733,1,5,2026,2026-05-01 00:00:00+00:00,20260501,Colima,133705.6875
88734,1,5,2026,2026-05-01 00:00:00+00:00,20260501,Jalisco,1290009.3839062501
88735,1,5,2026,2026-05-01 00:00:00+00:00,20260501,Michoacán,522667.6875
88736,1,5,2026,2026-05-01 00:00:00+00:00,20260501,Nayarit,376806.9375
88737,1,5,2025,2025-05-01 00:00:00+00:00,20250501,Baja California,1290009.3839062501
88738,1,5,2025,2025-05-01 00:00:00+00:00,20250501,Sonora,330986.0
88739,1,5,2025,2025-05-01 00:00:00+00:00,20250501,Chihuahua,414669.96
88740,1,5,2025,2025-05-01 00:00:00+00:00,20250501,Sinaloa,262509.85
88741,1,5,2025,2025-05-01 00:00:00+00:00,20250501,Zacatecas,280420.94
88742,1,5,2025,2025-05-01 00:00:00+00:00,20250501,Durango,182593.35
88743,1,5,2025,2025-05-01 00:00:00+00:00,20250501,Coahuila,237013.99
88744,1,5,2025,2025-05-01 00:00:00+00:00,20250501,Tamaulipas,328004.36
88745,1,5,2025,2025-05-01 00:00:00+00:00,20250501,Nuevo León,921559.16
88746,1,5,2025,2025-05-01 00:00:00+00:00,20250501,San Luis Potosí,259640.64
88747,1,5,2025,2025-05-01 00:00:00+00:00,20250501,Guanajuato,586238.66
88748,1,5,2025,2025-05-01 00:00:00+00:00,20250501,Querétaro,833837.29
88749,1,5,2025,2025-05-01 00:00:00+00:00,20250501,Aguascalientes,184818.94
88750,1,5,2025,2025-05-01 00:00:00+00:00,20250501,Hidalgo,275108.78
88751,1,5,2025,2025-05-01 00:00:00+00:00,20250501,Ciudad De México,1290009.3839062501
88752,1,5,2025,2025-05-01 00:00:00+00:00,20250501,Estado De México,923784.75
88753,1,5,2025,2025-05-01 00:00:00+00:00,20250501,Morelos,251869.12
88754,1,5,2025,2025-05-01 00:00:00+00:00,20250501,Puebla,1167736.85
88755,1,5,2025,2025-05-01 00:00:00+00:00,20250501,Tlaxcala,218791.13
88756,1,5,2025,2025-05-01 00:00:00+00:00,20250501,Campeche,87450.31
88757,1,5,2025,2025-05-01 00:00:00+00:00,20250501,Quintana Roo,376806.94
88758,1,5,2025,2025-05-01 00:00:00+00:00,20250501,Yucatán,619908.19
88759,1,5,2025,2025-05-01 00:00:00+00:00,20250501,Tabasco,307461.0
88760,1,5,2025,2025-05-01 00:00:00+00:00,20250501,Veracruz,279566.44
88761,1,5,2025,2025-05-01 00:00:00+00:00,20250501,Chiapas,236294.42
88762,1,5,2025,2025-05-01 00:00:00+00:00,20250501,Guerrero,205375.58
88763,1,5,2025,2025-05-01 00:00:00+00:00,20250501,Oaxaca,310278.63
88764,1,5,2025,2025-05-01 00:00:00+00:00,20250501,Colima,207059.06
88765,1,5,2025,2025-05-01 00:00:00+00:00,20250501,Jalisco,1080158.41
88766,1,5,2025,2025-05-01 00:00:00+00:00,20250501,Michoacán,575530.05
88767,1,5,2025,2025-05-01 00:00:00+00:00,20250501,Nayarit,341247.3
88768,1,6,2026,2026-06-01 00:00:00+00:00,20260601,Baja California,1290009.3839062501
88769,1,6,2026,2026-06-01 00:00:00+00:00,20260601,Baja California Sur,140390.971875
88770,1,6,2026,2026-06-01 00:00:00+00:00,20260601,Sonora,395647.284375
88771,1,6,2026,2026-06-01 00:00:00+00:00,20260601,Chihuahua,423969.714452996
88772,1,6,2026,2026-06-01 00:00:00+00:00,20260601,Sinaloa,178679.41875
88773,1,6,2026,2026-06-01 00:00:00+00:00,20260601,Zacatecas,140390.971875
88774,1,6,2026,2026-06-01 00:00:00+00:00,20260601,Durango,229730.68125
88775,1,6,2026,2026-06-01 00:00:00+00:00,20260601,Coahuila,459461.3625
88776,1,6,2026,2026-06-01 00:00:00+00:00,20260601,Tamaulipas,433935.73125
88777,1,6,2026,2026-06-01 00:00:00+00:00,20260601,Nuevo León,714717.675
88778,1,6,2026,2026-06-01 00:00:00+00:00,20260601,San Luis Potosí,357358.8375
88779,1,6,2026,2026-06-01 00:00:00+00:00,20260601,Guanajuato,701954.859375
88780,1,6,2026,2026-06-01 00:00:00+00:00,20260601,Querétaro,804057.384375
88781,1,6,2026,2026-06-01 00:00:00+00:00,20260601,Aguascalientes,395647.284375
88782,1,6,2026,2026-06-01 00:00:00+00:00,20260601,Hidalgo,418732.6
88783,1,6,2026,2026-06-01 00:00:00+00:00,20260601,Ciudad De México,1290009.3839062501
88784,1,6,2026,2026-06-01 00:00:00+00:00,20260601,Estado De México,816820.2
88785,1,6,2026,2026-06-01 00:00:00+00:00,20260601,Morelos,178679.41875
88786,1,6,2026,2026-06-01 00:00:00+00:00,20260601,Puebla,1290009.3839062501
88787,1,6,2026,2026-06-01 00:00:00+00:00,20260601,Tlaxcala,357358.8375
88788,1,6,2026,2026-06-01 00:00:00+00:00,20260601,Campeche,153153.7875
88789,1,6,2026,2026-06-01 00:00:00+00:00,20260601,Quintana Roo,370121.653125
88790,1,6,2026,2026-06-01 00:00:00+00:00,20260601,Yucatán,663666.4125
88791,1,6,2026,2026-06-01 00:00:00+00:00,20260601,Tabasco,245968.8
88792,1,6,2026,2026-06-01 00:00:00+00:00,20260601,Veracruz,459461.3625
88793,1,6,2026,2026-06-01 00:00:00+00:00,20260601,Chiapas,229730.68125
88794,1,6,2026,2026-06-01 00:00:00+00:00,20260601,Guerrero,344596.021875
88795,1,6,2026,2026-06-01 00:00:00+00:00,20260601,Oaxaca,331833.20625
88796,1,6,2026,2026-06-01 00:00:00+00:00,20260601,Colima,140390.971875
88797,1,6,2026,2026-06-01 00:00:00+00:00,20260601,Jalisco,1290009.3839062501
88798,1,6,2026,2026-06-01 00:00:00+00:00,20260601,Michoacán,548801.071875
88799,1,6,2026,2026-06-01 00:00:00+00:00,20260601,Nayarit,395647.284375
88800,1,6,2025,2025-06-01 00:00:00+00:00,20250601,Baja California,1290009.3839062501
88801,1,6,2025,2025-06-01 00:00:00+00:00,20250601,Sonora,347535.3
88802,1,6,2025,2025-06-01 00:00:00+00:00,20250601,Chihuahua,435403.46
88803,1,6,2025,2025-06-01 00:00:00+00:00,20250601,Sinaloa,275635.34
88804,1,6,2025,2025-06-01 00:00:00+00:00,20250601,Zacatecas,294441.99
88805,1,6,2025,2025-06-01 00:00:00+00:00,20250601,Durango,191723.02
88806,1,6,2025,2025-06-01 00:00:00+00:00,20250601,Coahuila,248864.69
88807,1,6,2025,2025-06-01 00:00:00+00:00,20250601,Tamaulipas,344404.58
88808,1,6,2025,2025-06-01 00:00:00+00:00,20250601,Nuevo León,967637.12
88809,1,6,2025,2025-06-01 00:00:00+00:00,20250601,San Luis Potosí,272622.68
88810,1,6,2025,2025-06-01 00:00:00+00:00,20250601,Guanajuato,615550.6
88811,1,6,2025,2025-06-01 00:00:00+00:00,20250601,Querétaro,875529.15
88812,1,6,2025,2025-06-01 00:00:00+00:00,20250601,Aguascalientes,194059.89
88813,1,6,2025,2025-06-01 00:00:00+00:00,20250601,Hidalgo,302619.66
88814,1,6,2025,2025-06-01 00:00:00+00:00,20250601,Ciudad De México,1290009.3839062501
88815,1,6,2025,2025-06-01 00:00:00+00:00,20250601,Estado De México,969973.99
88816,1,6,2025,2025-06-01 00:00:00+00:00,20250601,Morelos,277056.04
88817,1,6,2025,2025-06-01 00:00:00+00:00,20250601,Puebla,1226123.7
88818,1,6,2025,2025-06-01 00:00:00+00:00,20250601,Tlaxcala,229730.68
88819,1,6,2025,2025-06-01 00:00:00+00:00,20250601,Campeche,100567.86
88820,1,6,2025,2025-06-01 00:00:00+00:00,20250601,Quintana Roo,395647.28
88821,1,6,2025,2025-06-01 00:00:00+00:00,20250601,Yucatán,650903.6
88822,1,6,2025,2025-06-01 00:00:00+00:00,20250601,Tabasco,338207.1
88823,1,6,2025,2025-06-01 00:00:00+00:00,20250601,Veracruz,293544.76
88824,1,6,2025,2025-06-01 00:00:00+00:00,20250601,Chiapas,248109.14
88825,1,6,2025,2025-06-01 00:00:00+00:00,20250601,Guerrero,215644.36
88826,1,6,2025,2025-06-01 00:00:00+00:00,20250601,Oaxaca,325792.57
88827,1,6,2025,2025-06-01 00:00:00+00:00,20250601,Colima,217412.01
88828,1,6,2025,2025-06-01 00:00:00+00:00,20250601,Jalisco,1134166.33
88829,1,6,2025,2025-06-01 00:00:00+00:00,20250601,Michoacán,604306.56
88830,1,6,2025,2025-06-01 00:00:00+00:00,20250601,Nayarit,358309.67
88831,1,7,2026,2026-07-01 00:00:00+00:00,20260701,Baja California,1290009.3839062501
88832,1,7,2026,2026-07-01 00:00:00+00:00,20260701,Baja California Sur,147410.52046875
88833,1,7,2026,2026-07-01 00:00:00+00:00,20260701,Sonora,415429.64859375
88834,1,7,2026,2026-07-01 00:00:00+00:00,20260701,Chihuahua,436688.805886585
88835,1,7,2026,2026-07-01 00:00:00+00:00,20260701,Sinaloa,187613.3896875
88836,1,7,2026,2026-07-01 00:00:00+00:00,20260701,Zacatecas,147410.52046875
88837,1,7,2026,2026-07-01 00:00:00+00:00,20260701,Durango,241217.2153125
88838,1,7,2026,2026-07-01 00:00:00+00:00,20260701,Coahuila,482434.430625
88839,1,7,2026,2026-07-01 00:00:00+00:00,20260701,Tamaulipas,455632.5178125
88840,1,7,2026,2026-07-01 00:00:00+00:00,20260701,Nuevo León,750453.55875
88841,1,7,2026,2026-07-01 00:00:00+00:00,20260701,San Luis Potosí,375226.779375
88842,1,7,2026,2026-07-01 00:00:00+00:00,20260701,Guanajuato,737052.60234375
88843,1,7,2026,2026-07-01 00:00:00+00:00,20260701,Querétaro,844260.25359375
88844,1,7,2026,2026-07-01 00:00:00+00:00,20260701,Aguascalientes,415429.64859375
88845,1,7,2026,2026-07-01 00:00:00+00:00,20260701,Hidalgo,460605.86
88846,1,7,2026,2026-07-01 00:00:00+00:00,20260701,Ciudad De México,1290009.3839062501
88847,1,7,2026,2026-07-01 00:00:00+00:00,20260701,Estado De México,857661.21
88848,1,7,2026,2026-07-01 00:00:00+00:00,20260701,Morelos,187613.3896875
88849,1,7,2026,2026-07-01 00:00:00+00:00,20260701,Puebla,1290009.3839062501
88850,1,7,2026,2026-07-01 00:00:00+00:00,20260701,Tlaxcala,375226.779375
88851,1,7,2026,2026-07-01 00:00:00+00:00,20260701,Campeche,160811.476875
88852,1,7,2026,2026-07-01 00:00:00+00:00,20260701,Quintana Roo,388627.73578125
88853,1,7,2026,2026-07-01 00:00:00+00:00,20260701,Yucatán,696849.733125
88854,1,7,2026,2026-07-01 00:00:00+00:00,20260701,Tabasco,270565.68
88855,1,7,2026,2026-07-01 00:00:00+00:00,20260701,Veracruz,482434.430625
88856,1,7,2026,2026-07-01 00:00:00+00:00,20260701,Chiapas,241217.2153125
88857,1,7,2026,2026-07-01 00:00:00+00:00,20260701,Guerrero,361825.82296875
88858,1,7,2026,2026-07-01 00:00:00+00:00,20260701,Oaxaca,348424.8665625
88859,1,7,2026,2026-07-01 00:00:00+00:00,20260701,Colima,147410.52046875
88860,1,7,2026,2026-07-01 00:00:00+00:00,20260701,Jalisco,1290009.3839062501
88861,1,7,2026,2026-07-01 00:00:00+00:00,20260701,Michoacán,576241.12546875
88862,1,7,2026,2026-07-01 00:00:00+00:00,20260701,Nayarit,415429.64859375
88863,1,7,2025,2025-07-01 00:00:00+00:00,20250701,Baja California,1230120.0
88864,1,7,2025,2025-07-01 00:00:00+00:00,20250701,Sonora,288640.0
88865,1,7,2025,2025-07-01 00:00:00+00:00,20250701,Chihuahua,365720.0
88866,1,7,2025,2025-07-01 00:00:00+00:00,20250701,Sinaloa,170000.0
88867,1,7,2025,2025-07-01 00:00:00+00:00,20250701,Zacatecas,232920.0
88868,1,7,2025,2025-07-01 00:00:00+00:00,20250701,Durango,158720.0
88869,1,7,2025,2025-07-01 00:00:00+00:00,20250701,Coahuila,202720.0
88870,1,7,2025,2025-07-01 00:00:00+00:00,20250701,Tamaulipas,330410.0
88871,1,7,2025,2025-07-01 00:00:00+00:00,20250701,Nuevo León,770000.0
88872,1,7,2025,2025-07-01 00:00:00+00:00,20250701,San Luis Potosí,260190.0
88873,1,7,2025,2025-07-01 00:00:00+00:00,20250701,Guanajuato,540200.0
88874,1,7,2025,2025-07-01 00:00:00+00:00,20250701,Querétaro,710000.0
88875,1,7,2025,2025-07-01 00:00:00+00:00,20250701,Aguascalientes,176440.0
88876,1,7,2025,2025-07-01 00:00:00+00:00,20250701,Hidalgo,185200.0
88877,1,7,2025,2025-07-01 00:00:00+00:00,20250701,Ciudad De México,1290009.3839062501
88878,1,7,2025,2025-07-01 00:00:00+00:00,20250701,Estado De México,789000.0
88879,1,7,2025,2025-07-01 00:00:00+00:00,20250701,Morelos,185000.0
88880,1,7,2025,2025-07-01 00:00:00+00:00,20250701,Puebla,970140.0
88881,1,7,2025,2025-07-01 00:00:00+00:00,20250701,Tlaxcala,275000.0
88882,1,7,2025,2025-07-01 00:00:00+00:00,20250701,Campeche,114000.0
88883,1,7,2025,2025-07-01 00:00:00+00:00,20250701,Quintana Roo,312000.0
88884,1,7,2025,2025-07-01 00:00:00+00:00,20250701,Yucatán,630190.0
88885,1,7,2025,2025-07-01 00:00:00+00:00,20250701,Tabasco,220000.0
88886,1,7,2025,2025-07-01 00:00:00+00:00,20250701,Veracruz,311000.0
88887,1,7,2025,2025-07-01 00:00:00+00:00,20250701,Chiapas,204130.0
88888,1,7,2025,2025-07-01 00:00:00+00:00,20250701,Guerrero,170100.0
88889,1,7,2025,2025-07-01 00:00:00+00:00,20250701,Oaxaca,243900.0
88890,1,7,2025,2025-07-01 00:00:00+00:00,20250701,Colima,160320.0
88891,1,7,2025,2025-07-01 00:00:00+00:00,20250701,Jalisco,910260.0
88892,1,7,2025,2025-07-01 00:00:00+00:00,20250701,Michoacán,475611.0
88893,1,7,2025,2025-07-01 00:00:00+00:00,20250701,Nayarit,0.0
88894,1,8,2026,2026-08-01 00:00:00+00:00,20260801,Baja California,1290009.3839062501
88895,1,8,2026,2026-08-01 00:00:00+00:00,20260801,Baja California Sur,154781.046492187
88896,1,8,2026,2026-08-01 00:00:00+00:00,20260801,Sonora,436201.131023437
88897,1,8,2026,2026-08-01 00:00:00+00:00,20260801,Chihuahua,449789.470063183
88898,1,8,2026,2026-08-01 00:00:00+00:00,20260801,Sinaloa,196994.059171875
88899,1,8,2026,2026-08-01 00:00:00+00:00,20260801,Zacatecas,154781.046492187
88900,1,8,2026,2026-08-01 00:00:00+00:00,20260801,Durango,253278.076078125
88901,1,8,2026,2026-08-01 00:00:00+00:00,20260801,Coahuila,506556.15215625
88902,1,8,2026,2026-08-01 00:00:00+00:00,20260801,Tamaulipas,478414.143703125
88903,1,8,2026,2026-08-01 00:00:00+00:00,20260801,Nuevo León,787976.2366875
88904,1,8,2026,2026-08-01 00:00:00+00:00,20260801,San Luis Potosí,393988.11834375
88905,1,8,2026,2026-08-01 00:00:00+00:00,20260801,Guanajuato,773905.232460937
88906,1,8,2026,2026-08-01 00:00:00+00:00,20260801,Querétaro,886473.266273437
88907,1,8,2026,2026-08-01 00:00:00+00:00,20260801,Aguascalientes,436201.131023437
88908,1,8,2026,2026-08-01 00:00:00+00:00,20260801,Hidalgo,506666.446
88909,1,8,2026,2026-08-01 00:00:00+00:00,20260801,Ciudad De México,1290009.3839062501
88910,1,8,2026,2026-08-01 00:00:00+00:00,20260801,Estado De México,900544.2705
88911,1,8,2026,2026-08-01 00:00:00+00:00,20260801,Morelos,196994.059171875
88912,1,8,2026,2026-08-01 00:00:00+00:00,20260801,Puebla,1290009.3839062501
88913,1,8,2026,2026-08-01 00:00:00+00:00,20260801,Tlaxcala,393988.11834375
88914,1,8,2026,2026-08-01 00:00:00+00:00,20260801,Campeche,168852.05071875
88915,1,8,2026,2026-08-01 00:00:00+00:00,20260801,Quintana Roo,408059.122570312
88916,1,8,2026,2026-08-01 00:00:00+00:00,20260801,Yucatán,731692.21978125
88917,1,8,2026,2026-08-01 00:00:00+00:00,20260801,Tabasco,297622.248
88918,1,8,2026,2026-08-01 00:00:00+00:00,20260801,Veracruz,506556.15215625
88919,1,8,2026,2026-08-01 00:00:00+00:00,20260801,Chiapas,253278.076078125
88920,1,8,2026,2026-08-01 00:00:00+00:00,20260801,Guerrero,379917.114117187
88921,1,8,2026,2026-08-01 00:00:00+00:00,20260801,Oaxaca,365846.109890625
88922,1,8,2026,2026-08-01 00:00:00+00:00,20260801,Colima,154781.046492187
88923,1,8,2026,2026-08-01 00:00:00+00:00,20260801,Jalisco,1290009.3839062501
88924,1,8,2026,2026-08-01 00:00:00+00:00,20260801,Michoacán,605053.181742187
88925,1,8,2026,2026-08-01 00:00:00+00:00,20260801,Nayarit,436201.131023437
88926,1,8,2025,2025-08-01 00:00:00+00:00,20250801,Baja California,1290009.3839062501
88927,1,8,2025,2025-08-01 00:00:00+00:00,20250801,Sonora,303072.0
88928,1,8,2025,2025-08-01 00:00:00+00:00,20250801,Chihuahua,384006.0
88929,1,8,2025,2025-08-01 00:00:00+00:00,20250801,Sinaloa,178500.0
88930,1,8,2025,2025-08-01 00:00:00+00:00,20250801,Zacatecas,244566.0
88931,1,8,2025,2025-08-01 00:00:00+00:00,20250801,Durango,166656.0
88932,1,8,2025,2025-08-01 00:00:00+00:00,20250801,Coahuila,212856.0
88933,1,8,2025,2025-08-01 00:00:00+00:00,20250801,Tamaulipas,346930.5
88934,1,8,2025,2025-08-01 00:00:00+00:00,20250801,Nuevo León,808500.0
88935,1,8,2025,2025-08-01 00:00:00+00:00,20250801,San Luis Potosí,273199.5
88936,1,8,2025,2025-08-01 00:00:00+00:00,20250801,Guanajuato,567210.0
88937,1,8,2025,2025-08-01 00:00:00+00:00,20250801,Querétaro,745500.0
88938,1,8,2025,2025-08-01 00:00:00+00:00,20250801,Aguascalientes,185262.0
88939,1,8,2025,2025-08-01 00:00:00+00:00,20250801,Hidalgo,203720.0
88940,1,8,2025,2025-08-01 00:00:00+00:00,20250801,Ciudad De México,1290009.3839062501
88941,1,8,2025,2025-08-01 00:00:00+00:00,20250801,Estado De México,828450.0
88942,1,8,2025,2025-08-01 00:00:00+00:00,20250801,Morelos,194250.0
88943,1,8,2025,2025-08-01 00:00:00+00:00,20250801,Puebla,1018647.0
88944,1,8,2025,2025-08-01 00:00:00+00:00,20250801,Tlaxcala,288750.0
88945,1,8,2025,2025-08-01 00:00:00+00:00,20250801,Campeche,119700.0
88946,1,8,2025,2025-08-01 00:00:00+00:00,20250801,Quintana Roo,327600.0
88947,1,8,2025,2025-08-01 00:00:00+00:00,20250801,Yucatán,661699.5
88948,1,8,2025,2025-08-01 00:00:00+00:00,20250801,Tabasco,231000.0
88949,1,8,2025,2025-08-01 00:00:00+00:00,20250801,Veracruz,326550.0
88950,1,8,2025,2025-08-01 00:00:00+00:00,20250801,Chiapas,214336.5
88951,1,8,2025,2025-08-01 00:00:00+00:00,20250801,Guerrero,178605.0
88952,1,8,2025,2025-08-01 00:00:00+00:00,20250801,Oaxaca,256095.0
88953,1,8,2025,2025-08-01 00:00:00+00:00,20250801,Colima,168336.0
88954,1,8,2025,2025-08-01 00:00:00+00:00,20250801,Jalisco,955773.0
88955,1,8,2025,2025-08-01 00:00:00+00:00,20250801,Michoacán,499391.55
88956,1,8,2025,2025-08-01 00:00:00+00:00,20250801,Nayarit,0.0
88957,1,9,2026,2026-09-01 00:00:00+00:00,20260901,Baja California,1290009.3839062501
88958,1,9,2026,2026-09-01 00:00:00+00:00,20260901,Baja California Sur,162520.098816796
88959,1,9,2026,2026-09-01 00:00:00+00:00,20260901,Sonora,458011.187574609
88960,1,9,2026,2026-09-01 00:00:00+00:00,20260901,Chihuahua,463283.154165079
88961,1,9,2026,2026-09-01 00:00:00+00:00,20260901,Sinaloa,206843.762130468
88962,1,9,2026,2026-09-01 00:00:00+00:00,20260901,Zacatecas,162520.098816796
88963,1,9,2026,2026-09-01 00:00:00+00:00,20260901,Durango,265941.979882031
88964,1,9,2026,2026-09-01 00:00:00+00:00,20260901,Coahuila,531883.959764062
88965,1,9,2026,2026-09-01 00:00:00+00:00,20260901,Tamaulipas,502334.850888281
88966,1,9,2026,2026-09-01 00:00:00+00:00,20260901,Nuevo León,827375.048521875
88967,1,9,2026,2026-09-01 00:00:00+00:00,20260901,San Luis Potosí,413687.524260937
88968,1,9,2026,2026-09-01 00:00:00+00:00,20260901,Guanajuato,812600.494083984
88969,1,9,2026,2026-09-01 00:00:00+00:00,20260901,Querétaro,930796.929587109
88970,1,9,2026,2026-09-01 00:00:00+00:00,20260901,Aguascalientes,458011.187574609
88971,1,9,2026,2026-09-01 00:00:00+00:00,20260901,Hidalgo,557333.0906
88972,1,9,2026,2026-09-01 00:00:00+00:00,20260901,Ciudad De México,1290009.3839062501
88973,1,9,2026,2026-09-01 00:00:00+00:00,20260901,Estado De México,945571.484025
88974,1,9,2026,2026-09-01 00:00:00+00:00,20260901,Morelos,206843.762130468
88975,1,9,2026,2026-09-01 00:00:00+00:00,20260901,Puebla,1290009.3839062501
88976,1,9,2026,2026-09-01 00:00:00+00:00,20260901,Tlaxcala,413687.524260937
88977,1,9,2026,2026-09-01 00:00:00+00:00,20260901,Campeche,177294.653254687
88978,1,9,2026,2026-09-01 00:00:00+00:00,20260901,Quintana Roo,428462.078698828
88979,1,9,2026,2026-09-01 00:00:00+00:00,20260901,Yucatán,768276.830770312
88980,1,9,2026,2026-09-01 00:00:00+00:00,20260901,Tabasco,327384.4728
88981,1,9,2026,2026-09-01 00:00:00+00:00,20260901,Veracruz,531883.959764062
88982,1,9,2026,2026-09-01 00:00:00+00:00,20260901,Chiapas,265941.979882031
88983,1,9,2026,2026-09-01 00:00:00+00:00,20260901,Guerrero,398912.969823046
88984,1,9,2026,2026-09-01 00:00:00+00:00,20260901,Oaxaca,384138.415385156
88985,1,9,2026,2026-09-01 00:00:00+00:00,20260901,Colima,162520.098816796
88986,1,9,2026,2026-09-01 00:00:00+00:00,20260901,Jalisco,1290009.3839062501
88987,1,9,2026,2026-09-01 00:00:00+00:00,20260901,Michoacán,635305.840829297
88988,1,9,2026,2026-09-01 00:00:00+00:00,20260901,Nayarit,458011.187574609
88989,1,9,2025,2025-09-01 00:00:00+00:00,20250901,Baja California,1290009.3839062501
88990,1,9,2025,2025-09-01 00:00:00+00:00,20250901,Sonora,318225.6
88991,1,9,2025,2025-09-01 00:00:00+00:00,20250901,Chihuahua,403206.3
88992,1,9,2025,2025-09-01 00:00:00+00:00,20250901,Sinaloa,187425.0
88993,1,9,2025,2025-09-01 00:00:00+00:00,20250901,Zacatecas,256794.3
88994,1,9,2025,2025-09-01 00:00:00+00:00,20250901,Durango,174988.8
88995,1,9,2025,2025-09-01 00:00:00+00:00,20250901,Coahuila,223498.8
88996,1,9,2025,2025-09-01 00:00:00+00:00,20250901,Tamaulipas,364277.025
88997,1,9,2025,2025-09-01 00:00:00+00:00,20250901,Nuevo León,848925.0
88998,1,9,2025,2025-09-01 00:00:00+00:00,20250901,San Luis Potosí,286859.475
88999,1,9,2025,2025-09-01 00:00:00+00:00,20250901,Guanajuato,595570.5
89000,1,9,2025,2025-09-01 00:00:00+00:00,20250901,Querétaro,782775.0
89001,1,9,2025,2025-09-01 00:00:00+00:00,20250901,Aguascalientes,194525.1
89002,1,9,2025,2025-09-01 00:00:00+00:00,20250901,Hidalgo,224092.0
89003,1,9,2025,2025-09-01 00:00:00+00:00,20250901,Ciudad De México,1290009.3839062501
89004,1,9,2025,2025-09-01 00:00:00+00:00,20250901,Estado De México,869872.5
89005,1,9,2025,2025-09-01 00:00:00+00:00,20250901,Morelos,203962.5
89006,1,9,2025,2025-09-01 00:00:00+00:00,20250901,Puebla,1069579.35
89007,1,9,2025,2025-09-01 00:00:00+00:00,20250901,Tlaxcala,303187.5
89008,1,9,2025,2025-09-01 00:00:00+00:00,20250901,Campeche,125685.0
89009,1,9,2025,2025-09-01 00:00:00+00:00,20250901,Quintana Roo,343980.0
89010,1,9,2025,2025-09-01 00:00:00+00:00,20250901,Yucatán,694784.475
89011,1,9,2025,2025-09-01 00:00:00+00:00,20250901,Tabasco,254100.0
89012,1,9,2025,2025-09-01 00:00:00+00:00,20250901,Veracruz,342877.5
89013,1,9,2025,2025-09-01 00:00:00+00:00,20250901,Chiapas,225053.325
89014,1,9,2025,2025-09-01 00:00:00+00:00,20250901,Guerrero,187535.25
89015,1,9,2025,2025-09-01 00:00:00+00:00,20250901,Oaxaca,268899.75
89016,1,9,2025,2025-09-01 00:00:00+00:00,20250901,Colima,176752.8
89017,1,9,2025,2025-09-01 00:00:00+00:00,20250901,Jalisco,1003561.65
89018,1,9,2025,2025-09-01 00:00:00+00:00,20250901,Michoacán,524361.1275
89019,1,9,2025,2025-09-01 00:00:00+00:00,20250901,Nayarit,333098.325
89020,1,10,2026,2026-10-01 00:00:00+00:00,20261001,Baja California,1290009.3839062501
89021,1,10,2026,2026-10-01 00:00:00+00:00,20261001,Baja California Sur,170646.103757636
89022,1,10,2026,2026-10-01 00:00:00+00:00,20261001,Sonora,480911.746953339
89023,1,10,2026,2026-10-01 00:00:00+00:00,20261001,Chihuahua,477181.648790031
89024,1,10,2026,2026-10-01 00:00:00+00:00,20261001,Sinaloa,217185.950236992
89025,1,10,2026,2026-10-01 00:00:00+00:00,20261001,Zacatecas,170646.103757636
89026,1,10,2026,2026-10-01 00:00:00+00:00,20261001,Durango,279239.07887613203
89027,1,10,2026,2026-10-01 00:00:00+00:00,20261001,Coahuila,558478.157752265
89028,1,10,2026,2026-10-01 00:00:00+00:00,20261001,Tamaulipas,527451.593432695
89029,1,10,2026,2026-10-01 00:00:00+00:00,20261001,Nuevo León,868743.800947969
89030,1,10,2026,2026-10-01 00:00:00+00:00,20261001,San Luis Potosí,434371.900473984
89031,1,10,2026,2026-10-01 00:00:00+00:00,20261001,Guanajuato,853230.518788183
89032,1,10,2026,2026-10-01 00:00:00+00:00,20261001,Querétaro,977336.776066465
89033,1,10,2026,2026-10-01 00:00:00+00:00,20261001,Aguascalientes,480911.746953339
89034,1,10,2026,2026-10-01 00:00:00+00:00,20261001,Hidalgo,613066.39966
89035,1,10,2026,2026-10-01 00:00:00+00:00,20261001,Ciudad De México,1290009.3839062501
89036,1,10,2026,2026-10-01 00:00:00+00:00,20261001,Estado De México,992850.05822625
89037,1,10,2026,2026-10-01 00:00:00+00:00,20261001,Morelos,217185.950236992
89038,1,10,2026,2026-10-01 00:00:00+00:00,20261001,Puebla,1290009.3839062501
89039,1,10,2026,2026-10-01 00:00:00+00:00,20261001,Tlaxcala,434371.900473984
89040,1,10,2026,2026-10-01 00:00:00+00:00,20261001,Campeche,186159.385917421
89041,1,10,2026,2026-10-01 00:00:00+00:00,20261001,Quintana Roo,449885.182633769
89042,1,10,2026,2026-10-01 00:00:00+00:00,20261001,Yucatán,806690.672308828
89043,1,10,2026,2026-10-01 00:00:00+00:00,20261001,Tabasco,360122.92008
89044,1,10,2026,2026-10-01 00:00:00+00:00,20261001,Veracruz,558478.157752265
89045,1,10,2026,2026-10-01 00:00:00+00:00,20261001,Chiapas,279239.07887613203
89046,1,10,2026,2026-10-01 00:00:00+00:00,20261001,Guerrero,418858.618314199
89047,1,10,2026,2026-10-01 00:00:00+00:00,20261001,Oaxaca,403345.336154414
89048,1,10,2026,2026-10-01 00:00:00+00:00,20261001,Colima,170646.103757636
89049,1,10,2026,2026-10-01 00:00:00+00:00,20261001,Jalisco,1290009.3839062501
89050,1,10,2026,2026-10-01 00:00:00+00:00,20261001,Michoacán,667071.132870761
89051,1,10,2026,2026-10-01 00:00:00+00:00,20261001,Nayarit,480911.746953339
89052,1,10,2025,2025-10-01 00:00:00+00:00,20251001,Baja California,1290009.3839062501
89053,1,10,2025,2025-10-01 00:00:00+00:00,20251001,Sonora,334136.88
89054,1,10,2025,2025-10-01 00:00:00+00:00,20251001,Chihuahua,423366.62
89055,1,10,2025,2025-10-01 00:00:00+00:00,20251001,Sinaloa,196796.25
89056,1,10,2025,2025-10-01 00:00:00+00:00,20251001,Zacatecas,269634.015
89057,1,10,2025,2025-10-01 00:00:00+00:00,20251001,Durango,183738.24
89058,1,10,2025,2025-10-01 00:00:00+00:00,20251001,Coahuila,234673.74
89059,1,10,2025,2025-10-01 00:00:00+00:00,20251001,Tamaulipas,382490.87625
89060,1,10,2025,2025-10-01 00:00:00+00:00,20251001,Nuevo León,891371.25
89061,1,10,2025,2025-10-01 00:00:00+00:00,20251001,San Luis Potosí,301202.44875
89062,1,10,2025,2025-10-01 00:00:00+00:00,20251001,Guanajuato,625349.025
89063,1,10,2025,2025-10-01 00:00:00+00:00,20251001,Querétaro,821913.75
89064,1,10,2025,2025-10-01 00:00:00+00:00,20251001,Aguascalientes,204251.355
89065,1,10,2025,2025-10-01 00:00:00+00:00,20251001,Hidalgo,246501.2
89066,1,10,2025,2025-10-01 00:00:00+00:00,20251001,Ciudad De México,1290009.3839062501
89067,1,10,2025,2025-10-01 00:00:00+00:00,20251001,Estado De México,913366.125
89068,1,10,2025,2025-10-01 00:00:00+00:00,20251001,Morelos,214160.625
89069,1,10,2025,2025-10-01 00:00:00+00:00,20251001,Puebla,1123058.3175
89070,1,10,2025,2025-10-01 00:00:00+00:00,20251001,Tlaxcala,318346.875
89071,1,10,2025,2025-10-01 00:00:00+00:00,20251001,Campeche,131969.25
89072,1,10,2025,2025-10-01 00:00:00+00:00,20251001,Quintana Roo,361179.0
89073,1,10,2025,2025-10-01 00:00:00+00:00,20251001,Yucatán,729523.69875
89074,1,10,2025,2025-10-01 00:00:00+00:00,20251001,Tabasco,279510.0
89075,1,10,2025,2025-10-01 00:00:00+00:00,20251001,Veracruz,360021.375
89076,1,10,2025,2025-10-01 00:00:00+00:00,20251001,Chiapas,236305.99125
89077,1,10,2025,2025-10-01 00:00:00+00:00,20251001,Guerrero,196912.0125
89078,1,10,2025,2025-10-01 00:00:00+00:00,20251001,Oaxaca,282344.7375
89079,1,10,2025,2025-10-01 00:00:00+00:00,20251001,Colima,185590.44
89080,1,10,2025,2025-10-01 00:00:00+00:00,20251001,Jalisco,1053739.7325
89081,1,10,2025,2025-10-01 00:00:00+00:00,20251001,Michoacán,550579.183875
89082,1,10,2025,2025-10-01 00:00:00+00:00,20251001,Nayarit,349753.24125
89083,1,11,2026,2026-11-01 00:00:00+00:00,20261101,Baja California,1290009.3839062501
89084,1,11,2026,2026-11-01 00:00:00+00:00,20261101,Baja California Sur,179178.408945518
89085,1,11,2026,2026-11-01 00:00:00+00:00,20261101,Sonora,504957.334301006
89086,1,11,2026,2026-11-01 00:00:00+00:00,20261101,Chihuahua,491497.098253732
89087,1,11,2026,2026-11-01 00:00:00+00:00,20261101,Sinaloa,228045.247748841
89088,1,11,2026,2026-11-01 00:00:00+00:00,20261101,Zacatecas,179178.408945518
89089,1,11,2026,2026-11-01 00:00:00+00:00,20261101,Durango,293201.032819939
89090,1,11,2026,2026-11-01 00:00:00+00:00,20261101,Coahuila,586402.065639879
89091,1,11,2026,2026-11-01 00:00:00+00:00,20261101,Tamaulipas,553824.17310433
89092,1,11,2026,2026-11-01 00:00:00+00:00,20261101,Nuevo León,912180.990995367
89093,1,11,2026,2026-11-01 00:00:00+00:00,20261101,San Luis Potosí,456090.495497683
89094,1,11,2026,2026-11-01 00:00:00+00:00,20261101,Guanajuato,895892.044727593
89095,1,11,2026,2026-11-01 00:00:00+00:00,20261101,Querétaro,1026203.61486978
89096,1,11,2026,2026-11-01 00:00:00+00:00,20261101,Aguascalientes,504957.334301006
89097,1,11,2026,2026-11-01 00:00:00+00:00,20261101,Hidalgo,674373.039626
89098,1,11,2026,2026-11-01 00:00:00+00:00,20261101,Ciudad De México,1290009.3839062501
89099,1,11,2026,2026-11-01 00:00:00+00:00,20261101,Estado De México,1042492.56113756
89100,1,11,2026,2026-11-01 00:00:00+00:00,20261101,Morelos,228045.247748841
89101,1,11,2026,2026-11-01 00:00:00+00:00,20261101,Puebla,1290009.3839062501
89102,1,11,2026,2026-11-01 00:00:00+00:00,20261101,Tlaxcala,456090.495497683
89103,1,11,2026,2026-11-01 00:00:00+00:00,20261101,Campeche,195467.355213293
89104,1,11,2026,2026-11-01 00:00:00+00:00,20261101,Quintana Roo,472379.441765458
89105,1,11,2026,2026-11-01 00:00:00+00:00,20261101,Yucatán,847025.205924269
89106,1,11,2026,2026-11-01 00:00:00+00:00,20261101,Tabasco,396135.212088
89107,1,11,2026,2026-11-01 00:00:00+00:00,20261101,Veracruz,586402.065639879
89108,1,11,2026,2026-11-01 00:00:00+00:00,20261101,Chiapas,293201.032819939
89109,1,11,2026,2026-11-01 00:00:00+00:00,20261101,Guerrero,439801.549229909
89110,1,11,2026,2026-11-01 00:00:00+00:00,20261101,Oaxaca,423512.602962134
89111,1,11,2026,2026-11-01 00:00:00+00:00,20261101,Colima,179178.408945518
89112,1,11,2026,2026-11-01 00:00:00+00:00,20261101,Jalisco,1290009.3839062501
89113,1,11,2026,2026-11-01 00:00:00+00:00,20261101,Michoacán,700424.6895143
89114,1,11,2026,2026-11-01 00:00:00+00:00,20261101,Nayarit,504957.334301006
89115,1,11,2025,2025-11-01 00:00:00+00:00,20251101,Baja California,1290009.3839062501
89116,1,11,2025,2025-11-01 00:00:00+00:00,20251101,Sonora,350843.724
89117,1,11,2025,2025-11-01 00:00:00+00:00,20251101,Chihuahua,444534.95
89118,1,11,2025,2025-11-01 00:00:00+00:00,20251101,Sinaloa,206636.0625
89119,1,11,2025,2025-11-01 00:00:00+00:00,20251101,Zacatecas,283115.71575
89120,1,11,2025,2025-11-01 00:00:00+00:00,20251101,Durango,192925.152
89121,1,11,2025,2025-11-01 00:00:00+00:00,20251101,Coahuila,246407.427
89122,1,11,2025,2025-11-01 00:00:00+00:00,20251101,Tamaulipas,401615.4200625
89123,1,11,2025,2025-11-01 00:00:00+00:00,20251101,Nuevo León,935939.8125
89124,1,11,2025,2025-11-01 00:00:00+00:00,20251101,San Luis Potosí,316262.5711875
89125,1,11,2025,2025-11-01 00:00:00+00:00,20251101,Guanajuato,656616.47625
89126,1,11,2025,2025-11-01 00:00:00+00:00,20251101,Querétaro,863009.4375
89127,1,11,2025,2025-11-01 00:00:00+00:00,20251101,Aguascalientes,214463.92275
89128,1,11,2025,2025-11-01 00:00:00+00:00,20251101,Hidalgo,271151.32
89129,1,11,2025,2025-11-01 00:00:00+00:00,20251101,Ciudad De México,1290009.3839062501
89130,1,11,2025,2025-11-01 00:00:00+00:00,20251101,Estado De México,959034.43125
89131,1,11,2025,2025-11-01 00:00:00+00:00,20251101,Morelos,224868.65625
89132,1,11,2025,2025-11-01 00:00:00+00:00,20251101,Puebla,1179211.233375
89133,1,11,2025,2025-11-01 00:00:00+00:00,20251101,Tlaxcala,334264.21875
89134,1,11,2025,2025-11-01 00:00:00+00:00,20251101,Campeche,138567.7125
89135,1,11,2025,2025-11-01 00:00:00+00:00,20251101,Quintana Roo,379237.95
89136,1,11,2025,2025-11-01 00:00:00+00:00,20251101,Yucatán,765999.8836875
89137,1,11,2025,2025-11-01 00:00:00+00:00,20251101,Tabasco,307461.0
89138,1,11,2025,2025-11-01 00:00:00+00:00,20251101,Veracruz,378022.44375
89139,1,11,2025,2025-11-01 00:00:00+00:00,20251101,Chiapas,248121.2908125
89140,1,11,2025,2025-11-01 00:00:00+00:00,20251101,Guerrero,206757.613125
89141,1,11,2025,2025-11-01 00:00:00+00:00,20251101,Oaxaca,296461.974375
89142,1,11,2025,2025-11-01 00:00:00+00:00,20251101,Colima,194869.962
89143,1,11,2025,2025-11-01 00:00:00+00:00,20251101,Jalisco,1106426.719125
89144,1,11,2025,2025-11-01 00:00:00+00:00,20251101,Michoacán,578108.14306875
89145,1,11,2025,2025-11-01 00:00:00+00:00,20251101,Nayarit,367240.9033125
89146,1,12,2026,2026-12-01 00:00:00+00:00,20261201,Baja California,1290009.3839062501
89147,1,12,2026,2026-12-01 00:00:00+00:00,20261201,Baja California Sur,188137.329392794
89148,1,12,2026,2026-12-01 00:00:00+00:00,20261201,Sonora,530205.201016057
89149,1,12,2026,2026-12-01 00:00:00+00:00,20261201,Chihuahua,506242.011201344
89150,1,12,2026,2026-12-01 00:00:00+00:00,20261201,Sinaloa,239447.510136283
89151,1,12,2026,2026-12-01 00:00:00+00:00,20261201,Zacatecas,188137.329392794
89152,1,12,2026,2026-12-01 00:00:00+00:00,20261201,Durango,307861.084460936
89153,1,12,2026,2026-12-01 00:00:00+00:00,20261201,Coahuila,615722.168921873
89154,1,12,2026,2026-12-01 00:00:00+00:00,20261201,Tamaulipas,581515.381759546
89155,1,12,2026,2026-12-01 00:00:00+00:00,20261201,Nuevo León,957790.040545135
89156,1,12,2026,2026-12-01 00:00:00+00:00,20261201,San Luis Potosí,478895.020272567
89157,1,12,2026,2026-12-01 00:00:00+00:00,20261201,Guanajuato,940686.646963972
89158,1,12,2026,2026-12-01 00:00:00+00:00,20261201,Querétaro,1077513.79561327
89159,1,12,2026,2026-12-01 00:00:00+00:00,20261201,Aguascalientes,530205.201016057
89160,1,12,2026,2026-12-01 00:00:00+00:00,20261201,Hidalgo,741810.3435886
89161,1,12,2026,2026-12-01 00:00:00+00:00,20261201,Ciudad De México,1290009.3839062501
89162,1,12,2026,2026-12-01 00:00:00+00:00,20261201,Estado De México,1094617.18919444
89163,1,12,2026,2026-12-01 00:00:00+00:00,20261201,Morelos,239447.510136283
89164,1,12,2026,2026-12-01 00:00:00+00:00,20261201,Puebla,1290009.3839062501
89165,1,12,2026,2026-12-01 00:00:00+00:00,20261201,Tlaxcala,478895.020272567
89166,1,12,2026,2026-12-01 00:00:00+00:00,20261201,Campeche,205240.722973957
89167,1,12,2026,2026-12-01 00:00:00+00:00,20261201,Quintana Roo,495998.413853731
89168,1,12,2026,2026-12-01 00:00:00+00:00,20261201,Yucatán,889376.466220483
89169,1,12,2026,2026-12-01 00:00:00+00:00,20261201,Tabasco,435748.7332968
89170,1,12,2026,2026-12-01 00:00:00+00:00,20261201,Veracruz,615722.168921873
89171,1,12,2026,2026-12-01 00:00:00+00:00,20261201,Chiapas,307861.084460936
89172,1,12,2026,2026-12-01 00:00:00+00:00,20261201,Guerrero,461791.626691404
89173,1,12,2026,2026-12-01 00:00:00+00:00,20261201,Oaxaca,444688.233110241
89174,1,12,2026,2026-12-01 00:00:00+00:00,20261201,Colima,188137.329392794
89175,1,12,2026,2026-12-01 00:00:00+00:00,20261201,Jalisco,1290009.3839062501
89176,1,12,2026,2026-12-01 00:00:00+00:00,20261201,Michoacán,735445.923990015
89177,1,12,2026,2026-12-01 00:00:00+00:00,20261201,Nayarit,530205.201016057
89178,1,12,2025,2025-12-01 00:00:00+00:00,20251201,Baja California,1290009.3839062501
89179,1,12,2025,2025-12-01 00:00:00+00:00,20251201,Sonora,368385.9102
89180,1,12,2025,2025-12-01 00:00:00+00:00,20251201,Chihuahua,466761.69
89181,1,12,2025,2025-12-01 00:00:00+00:00,20251201,Sinaloa,216967.865625
89182,1,12,2025,2025-12-01 00:00:00+00:00,20251201,Zacatecas,297271.5015375
89183,1,12,2025,2025-12-01 00:00:00+00:00,20251201,Durango,202571.4096
89184,1,12,2025,2025-12-01 00:00:00+00:00,20251201,Coahuila,258727.79835
89185,1,12,2025,2025-12-01 00:00:00+00:00,20251201,Tamaulipas,421696.191065625
89186,1,12,2025,2025-12-01 00:00:00+00:00,20251201,Nuevo León,982736.803125
89187,1,12,2025,2025-12-01 00:00:00+00:00,20251201,San Luis Potosí,332075.699746875
89188,1,12,2025,2025-12-01 00:00:00+00:00,20251201,Guanajuato,689447.3000625
89189,1,12,2025,2025-12-01 00:00:00+00:00,20251201,Querétaro,906159.909375
89190,1,12,2025,2025-12-01 00:00:00+00:00,20251201,Aguascalientes,225187.1188875
89191,1,12,2025,2025-12-01 00:00:00+00:00,20251201,Hidalgo,298266.452
89192,1,12,2025,2025-12-01 00:00:00+00:00,20251201,Ciudad De México,1290009.3839062501
89193,1,12,2025,2025-12-01 00:00:00+00:00,20251201,Estado De México,1006986.1528125
89194,1,12,2025,2025-12-01 00:00:00+00:00,20251201,Morelos,236112.0890625
89195,1,12,2025,2025-12-01 00:00:00+00:00,20251201,Puebla,1238171.79504375
89196,1,12,2025,2025-12-01 00:00:00+00:00,20251201,Tlaxcala,350977.4296875
89197,1,12,2025,2025-12-01 00:00:00+00:00,20251201,Campeche,145496.098125
89198,1,12,2025,2025-12-01 00:00:00+00:00,20251201,Quintana Roo,398199.8475
89199,1,12,2025,2025-12-01 00:00:00+00:00,20251201,Yucatán,804299.877871875
89200,1,12,2025,2025-12-01 00:00:00+00:00,20251201,Tabasco,338207.1
89201,1,12,2025,2025-12-01 00:00:00+00:00,20251201,Veracruz,396923.5659375
89202,1,12,2025,2025-12-01 00:00:00+00:00,20251201,Chiapas,260527.355353125
89203,1,12,2025,2025-12-01 00:00:00+00:00,20251201,Guerrero,217095.49378125
89204,1,12,2025,2025-12-01 00:00:00+00:00,20251201,Oaxaca,311285.07309375
89205,1,12,2025,2025-12-01 00:00:00+00:00,20251201,Colima,204613.4601
89206,1,12,2025,2025-12-01 00:00:00+00:00,20251201,Jalisco,1161748.05508125
89207,1,12,2025,2025-12-01 00:00:00+00:00,20251201,Michoacán,607013.550222187
89208,1,12,2025,2025-12-01 00:00:00+00:00,20251201,Nayarit,385602.948478125
